Designator,Val,Package,Mid X,Mid Y,Rotation,Layer
J6,Conn_02x15_Top_Bottom,DF40C-30DS,199.5,-75.5,180,bottom
J7,Conn_02x20_Counter_Clockwise,DF40C-40DS,155.5,-91,0,bottom
J8,Conn_02x15_Top_Bottom,DF40C-30DS,214.1,-95,-90,bottom
J9,Conn_02x20_Counter_Clockwise,DF40C-40DS,155.5,-84,180,bottom
BT1,CR2032 3V,BU2032SM-HD-G,132.5,-87.5,90,top
C1,100n,C_0201_0603Metric,198.625,-81.175,0,top
C2,10u,C_0402_1005Metric,161.23,-97.85,180,top
C3,1u,C_0402_1005Metric,167.05,-87.8,-90,top
C4,100n,C_0201_0603Metric,149.625,-78.05,0,top
C5,100n,C_0201_0603Metric,165.85,-88,-90,top
C6,100n,C_0201_0603Metric,155.25,-78.05,0,top
C7,1u,C_0402_1005Metric,166.4,-89.4,0,top
C8,100n,C_0201_0603Metric,164.95,-82.25,-90,top
C9,100n,C_0201_0603Metric,164.95,-88.75,-90,top
C10,100n,C_0201_0603Metric,146.05,-93.27,90,top
C11,100n,C_0201_0603Metric,161.05,-96.825,180,top
C12,2u2,C_0603_1608Metric,199.9,-91.6,180,top
C13,100n,C_0201_0603Metric,198.5,-96.7,0,top
C14,22u,C_0603_1608Metric,206.225,-99.025,180,top
C15,22u,C_0603_1608Metric,206.225,-100.825,180,top
C17,100n,C_0201_0603Metric,168.625,-87.8,-90,top
C18,12p,C_0402_1005Metric,156.1,-99.75,0,top
C19,12p,C_0402_1005Metric,151.48,-99.5,0,top
C20,12p,C_0402_1005Metric,158.9,-103.02,90,top
C21,12p,C_0402_1005Metric,153.75,-99.5,0,top
C22,100n,C_0201_0603Metric,169.6,-104.55,0,top
C23,100n,C_0201_0603Metric,179.42,-88.325,180,top
C24,10u,C_0402_1005Metric,179.425,-87.35,180,top
C25,100n,C_0201_0603Metric,108.425,-70.925,0,top
C26,100n,C_0201_0603Metric,170.875,-79.705,90,top
C27,100n,C_0201_0603Metric,170.875,-73.705,90,top
C28,100n,C_0201_0603Metric,115.135,-74.5,0,top
C29,100n,C_0201_0603Metric,103.025,-74.55,0,top
C30,100p,C_0402_1005Metric,179.825,-74.855,-90,top
C31,100p,C_0402_1005Metric,179.825,-80.855,-90,top
C32,100p,C_0402_1005Metric,179.825,-72.555,90,top
C33,100p,C_0402_1005Metric,179.825,-78.555,90,top
D1,PW-GREEN,LED_0603_1608Metric,195.15,-102.45,180,top
D2,LED_AGRB,LED_ASMB-KTF0-0A306,163.7,-102.675,-90,top
D3,RESD1CANYFH,SOT-323_SC-70,182.525,-73.705,0,top
D4,RESD1CANYFH,SOT-323_SC-70,182.525,-79.705,0,top
D5,ESDL2011,D_0201_0603Metric,150.55,-74.84,180,top
D6,ESDL2011,D_0201_0603Metric,148.985,-74.84,0,top
FB1,120R@100M,R_0402_1005Metric,170.2,-87.35,180,top
J2,USB_B_Micro,USB_Micro-B_Amphenol_10118193-0001LF_Horizontal,149.425,-70,180,top
J3,Micro_SD_Card,GCT_MEM2075-00-140-01-A,181.15,-101.5175,0,top
J4,Conn_01x02,PinHeader_1x02_P1.27mm_Vertical,189.85,-79.05,0,top
J5,Conn_01x02,PinHeader_1x02_P1.27mm_Vertical,189.85,-73.055,0,top
L1,5u6,ASPI-6045S,205.575,-94.4,0,top
R1,100k,R_0402_1005Metric,194.75,-94.065,90,top
R2,22k1,R_0603_1608Metric,196.1,-94.4,-90,top
R3,220,R_0402_1005Metric,195.1625,-104,180,top
R5,4k7,R_0402_1005Metric,118.355,-71.205,-90,top
R6,4k7,R_0402_1005Metric,117.05,-71.2,-90,top
R7,50k,R_0603_1608Metric,175.35,-86.75,-90,top
R8,50k,R_0603_1608Metric,177.125,-86.75,-90,top
R9,50k,R_0603_1608Metric,181.725,-86.75,-90,top
R10,50k,R_0603_1608Metric,183.425,-86.75,-90,top
R11,50k,R_0603_1608Metric,185.125,-86.75,-90,top
R12,50k,R_0603_1608Metric,186.825,-86.75,-90,top
R13,4k7,R_0402_1005Metric,160.46,-75.25,180,top
R14,4k7,R_0402_1005Metric,112.985,-74.4,180,top
R15,4k7,R_0402_1005Metric,100.875,-74.45,180,top
R16,4k7,R_0402_1005Metric,116.785,-75.1,90,top
R17,4k7,R_0402_1005Metric,104.675,-75.15,90,top
R18,220,R_0402_1005Metric,115.835,-80.09,-90,top
R19,220,R_0402_1005Metric,117.435,-80.1,-90,top
R20,220,R_0402_1005Metric,119.035,-80.1,-90,top
R21,220,R_0402_1005Metric,111.035,-80.1,-90,top
R22,220,R_0402_1005Metric,109.435,-80.1,-90,top
R23,220,R_0402_1005Metric,114.235,-80.1,-90,top
R24,220,R_0402_1005Metric,112.635,-80.1,-90,top
R25,220,R_0402_1005Metric,103.725,-80.09,-90,top
R26,220,R_0402_1005Metric,105.325,-80.09,-90,top
R27,220,R_0402_1005Metric,106.925,-80.09,-90,top
R28,220,R_0402_1005Metric,98.925,-80.09,-90,top
R29,220,R_0402_1005Metric,97.325,-80.09,-90,top
R30,220,R_0402_1005Metric,102.125,-80.1,-90,top
R31,220,R_0402_1005Metric,100.525,-80.1,-90,top
R32,220,R_0402_1005Metric,161.65,-104.675,90,top
R33,220,R_0402_1005Metric,161.65,-102.025,90,top
R34,220,R_0402_1005Metric,164.05,-105.125,0,top
SW1,PTS815 ,PTS815,166.8,-77.65,0,top
SW2,JS202011JAQN,JS102011JAQN,161,-71.2,180,top
U1,TMCS1108,SOIC-8_3.9x4.9mm_P1.27mm,198.65,-85.65,90,top
U2,LMR51430,SOT-23-6,199.9125,-94.4,180,top
U3,STM32G474VEXX,LQFP-100_14x14mm_P0.5mm,155.5,-87.5,90,top
U4,AT25640BXX,TSSOP-8_4.4x3mm_P0.65mm,168.6,-100.05,90,top
U5,TMP112xxDRL,SOT-563,108.425,-72.625,180,top
U6,TCAN332,SOIC-8_3.9x4.9mm_P1.27mm,175.225,-79.705,0,top
U7,TCAN332,SOIC-8_3.9x4.9mm_P1.27mm,175.225,-73.705,0,top
U8,PI4IOE5V6408,UQFN-16_1.8x2.6mm,114.235,-76.6,-90,top
U9,PI4IOE5V6408,UQFN-16_1.8x2.6mm,102.125,-76.65,-90,top
U10,HDSM-433C,HDSM-431X_432X,114.135,-91.35,0,top
U11,HDSM-433C,HDSM-431X_432X,102.135,-91.35,0,top
Y1,12M,Crystal_SMD_2520-4Pin_2.5x2.0mm,156.7,-102.2,-90,top
Y2,32k768,Crystal_SMD_3215-2Pin_3.2x1.5mm,152.6,-101.4,180,top
